NUTS1;NUTS2;NUTS3;DISTRICT_CODE;DISTRICT_NAME;LAU_CODE;LAU_NAME;VS;HS_NMS;SONDERS;PTS;AHS_UST;AHS_OST;SONST_AB_SCH;BERUF_SCH;BMS;SONST_BB_SCH;BHS;BSA;SCH_GES;GESAMT;SCHULJAHR
AT2;AT22;AT221;601;Graz-Stadt;60101;Graz;10075;4166;196;222;8051;7836;566;3981;1790;833;6532;691;1655;46594;202122
AT2;AT22;AT225;603;Deutschlandsberg;60305;Frauental an der Laßnitz;115;0;0;0;0;0;0;0;0;0;0;0;0;115;202122
AT2;AT22;AT225;603;Deutschlandsberg;60318;Lannach;146;0;0;0;0;0;0;0;0;0;0;0;0;146;202122
AT2;AT22;AT225;603;Deutschlandsberg;60323;Pölfing-Brunn;52;0;0;0;0;0;0;0;0;0;0;0;0;52;202122
AT2;AT22;AT225;603;Deutschlandsberg;60324;Preding;80;130;0;0;0;0;0;0;0;0;0;0;0;210;202122
AT2;AT22;AT225;603;Deutschlandsberg;60326;Sankt Josef (Weststeiermark);87;0;0;0;0;0;0;0;0;0;0;0;0;87;202122
AT2;AT22;AT225;603;Deutschlandsberg;60329;Sankt Peter im Sulmtal;27;0;0;0;0;0;0;0;0;0;0;0;0;27;202122
AT2;AT22;AT225;603;Deutschlandsberg;60341;Wettmannstätten;67;0;0;0;0;0;0;0;0;0;0;0;0;67;202122
AT2;AT22;AT225;603;Deutschlandsberg;60344;Deutschlandsberg;423;448;0;41;0;327;88;0;91;0;621;0;74;2113;202122
AT2;AT22;AT225;603;Deutschlandsberg;60345;Eibiswald;207;215;0;0;0;0;0;1646;0;0;0;0;0;2068;202122
AT2;AT22;AT225;603;Deutschlandsberg;60346;Groß Sankt Florian;123;200;0;0;0;0;0;0;0;0;0;0;0;323;202122
AT2;AT22;AT225;603;Deutschlandsberg;60347;Sankt Martin im Sulmtal;115;0;0;0;0;0;0;0;0;0;0;0;0;115;202122
AT2;AT22;AT225;603;Deutschlandsberg;60348;Sankt Stefan ob Stainz;136;164;0;0;0;0;0;0;0;0;0;0;0;300;202122
AT2;AT22;AT225;603;Deutschlandsberg;60349;Bad Schwanberg;165;185;0;0;0;0;0;0;0;0;0;0;0;350;202122
AT2;AT22;AT225;603;Deutschlandsberg;60350;Stainz;264;264;0;28;0;0;0;0;109;0;0;0;0;665;202122
AT2;AT22;AT225;603;Deutschlandsberg;60351;Wies;145;211;0;0;0;0;0;0;106;0;0;0;0;462;202122
AT2;AT22;AT221;606;Graz-Umgebung;60608;Feldkirchen bei Graz;278;215;3;0;0;0;0;0;0;0;0;0;0;496;202122
AT2;AT22;AT221;606;Graz-Umgebung;60611;Gössendorf;204;0;0;0;0;0;0;0;0;0;0;0;0;204;202122
AT2;AT22;AT221;606;Graz-Umgebung;60613;Gratkorn;273;120;0;37;0;0;0;0;0;0;0;0;0;430;202122
AT2;AT22;AT221;606;Graz-Umgebung;60617;Hart bei Graz;190;0;0;0;0;0;0;0;0;0;0;0;0;190;202122
AT2;AT22;AT221;606;Graz-Umgebung;60618;Haselsdorf-Tobelbad;103;0;0;0;0;0;0;0;0;0;0;0;0;103;202122
AT2;AT22;AT221;606;Graz-Umgebung;60619;Hausmannstätten;300;273;0;0;0;0;0;0;0;0;0;0;0;573;202122
AT2;AT22;AT221;606;Graz-Umgebung;60623;Kainbach bei Graz;150;0;0;0;0;0;0;0;0;0;0;0;0;150;202122
AT2;AT22;AT221;606;Graz-Umgebung;60624;Kalsdorf bei Graz;356;202;7;67;0;0;0;0;0;0;0;0;670;1302;202122
AT2;AT22;AT221;606;Graz-Umgebung;60626;Kumberg;181;0;0;0;0;0;0;0;0;0;0;0;0;181;202122
AT2;AT22;AT221;606;Graz-Umgebung;60628;Laßnitzhöhe;0;310;0;0;0;0;0;0;0;0;0;0;0;310;202122
AT2;AT22;AT221;606;Graz-Umgebung;60629;Lieboch;170;0;0;0;0;0;0;0;0;0;0;0;0;170;202122
AT2;AT22;AT221;606;Graz-Umgebung;60632;Peggau;90;0;0;0;0;0;0;0;0;0;0;0;0;90;202122
AT2;AT22;AT221;606;Graz-Umgebung;60639;Sankt Bartholomä;77;0;0;0;0;0;0;0;0;0;0;0;0;77;202122
AT2;AT22;AT221;606;Graz-Umgebung;60641;Sankt Oswald bei Plankenwarth;80;0;0;0;0;0;0;0;0;0;0;0;0;80;202122
AT2;AT22;AT221;606;Graz-Umgebung;60642;Sankt Radegund bei Graz;60;0;0;0;0;0;0;0;0;0;0;0;0;60;202122
AT2;AT22;AT221;606;Graz-Umgebung;60645;Semriach;145;126;0;0;0;0;0;0;0;0;0;0;0;271;202122
AT2;AT22;AT221;606;Graz-Umgebung;60646;Stattegg;157;0;0;0;0;0;0;0;0;0;0;0;0;157;202122
AT2;AT22;AT221;606;Graz-Umgebung;60647;Stiwoll;33;0;0;0;0;0;0;0;0;0;0;0;0;33;202122
AT2;AT22;AT221;606;Graz-Umgebung;60648;Thal;109;0;0;0;0;0;0;0;0;0;0;0;0;109;202122
AT2;AT22;AT221;606;Graz-Umgebung;60651;Übelbach;76;0;0;0;0;0;0;0;90;0;0;0;0;166;202122
AT2;AT22;AT221;606;Graz-Umgebung;60653;Vasoldsberg;103;0;0;0;0;0;129;0;0;0;0;0;0;232;202122
AT2;AT22;AT221;606;Graz-Umgebung;60654;Weinitzen;109;0;0;0;0;0;0;0;0;0;0;0;0;109;202122
AT2;AT22;AT221;606;Graz-Umgebung;60655;Werndorf;108;0;0;0;0;0;0;0;0;0;0;0;0;108;202122
AT2;AT22;AT221;606;Graz-Umgebung;60656;Wundschuh;68;0;0;0;0;0;0;0;0;0;0;0;0;68;202122
AT2;AT22;AT221;606;Graz-Umgebung;60659;Deutschfeistritz;181;221;0;83;0;0;0;0;0;0;0;0;0;485;202122
AT2;AT22;AT221;606;Graz-Umgebung;60660;Dobl-Zwaring;236;391;2;0;0;0;0;0;0;0;0;0;0;629;202122
AT2;AT22;AT221;606;Graz-Umgebung;60661;Eggersdorf bei Graz;274;231;0;30;0;0;0;0;0;0;0;0;0;535;202122
AT2;AT22;AT221;606;Graz-Umgebung;60662;Fernitz-Mellach;197;0;0;0;0;0;0;0;0;0;0;0;0;197;202122
AT2;AT22;AT221;606;Graz-Umgebung;60663;Frohnleiten;210;174;0;0;0;0;0;0;0;0;0;0;151;535;202122
AT2;AT22;AT221;606;Graz-Umgebung;60664;Gratwein-Straßengel;484;308;0;0;555;216;0;0;0;0;0;0;0;1563;202122
AT2;AT22;AT221;606;Graz-Umgebung;60665;Hitzendorf;235;262;0;45;0;0;0;0;0;0;0;0;0;542;202122
AT2;AT22;AT221;606;Graz-Umgebung;60666;Nestelbach bei Graz;151;0;0;0;0;0;0;0;0;0;0;0;0;151;202122
AT2;AT22;AT221;606;Graz-Umgebung;60667;Raaba-Grambach;146;0;0;0;0;0;0;0;0;0;0;0;0;146;202122
AT2;AT22;AT221;606;Graz-Umgebung;60668;Sankt Marein bei Graz;169;99;0;0;0;0;0;0;0;0;0;0;0;268;202122
AT2;AT22;AT221;606;Graz-Umgebung;60669;Seiersberg-Pirka;483;0;0;0;0;56;168;0;0;0;0;0;0;707;202122
AT2;AT22;AT221;606;Graz-Umgebung;60670;Premstätten;209;260;0;0;0;0;0;0;0;0;0;0;0;469;202122
AT2;AT22;AT225;610;Leibnitz;61001;Allerheiligen bei Wildon;73;0;0;0;0;0;0;0;0;0;0;0;0;73;202122
AT2;AT22;AT225;610;Leibnitz;61002;Arnfels;69;128;0;0;0;0;0;1360;0;0;0;0;0;1557;202122
AT2;AT22;AT225;610;Leibnitz;61007;Empersdorf;54;0;0;0;0;0;0;0;0;0;0;0;0;54;202122
AT2;AT22;AT225;610;Leibnitz;61008;Gabersdorf;55;0;0;0;0;0;0;0;0;0;0;0;0;55;202122
AT2;AT22;AT225;610;Leibnitz;61012;Gralla;112;0;0;0;0;0;0;0;0;0;0;0;0;112;202122
AT2;AT22;AT225;610;Leibnitz;61013;Großklein;99;267;0;0;0;0;0;0;0;0;0;0;0;366;202122
AT2;AT22;AT225;610;Leibnitz;61016;Heimschuh;65;0;0;0;0;0;0;0;0;0;0;0;0;65;202122
AT2;AT22;AT225;610;Leibnitz;61017;Hengsberg;78;0;0;0;0;0;0;0;0;0;0;0;0;78;202122
AT2;AT22;AT225;610;Leibnitz;61019;Kitzeck im Sausal;38;0;0;0;0;0;0;0;0;0;0;0;0;38;202122
AT2;AT22;AT225;610;Leibnitz;61020;Lang;56;0;0;0;0;0;0;0;0;0;0;0;0;56;202122
AT2;AT22;AT225;610;Leibnitz;61021;Lebring-Sankt Margarethen;84;150;0;0;0;0;0;0;0;0;0;0;0;234;202122
AT2;AT22;AT225;610;Leibnitz;61024;Oberhaag;52;0;0;0;0;0;0;0;0;0;0;0;0;52;202122
AT2;AT22;AT225;610;Leibnitz;61027;Ragnitz;61;0;0;0;0;0;0;0;0;0;0;0;0;61;202122
AT2;AT22;AT225;610;Leibnitz;61030;Sankt Andrä-Höch;57;0;0;0;0;0;0;0;0;0;0;0;0;57;202122
AT2;AT22;AT225;610;Leibnitz;61032;Sankt Johann im Saggautal;68;0;0;0;0;0;0;0;0;0;0;0;0;68;202122
AT2;AT22;AT225;610;Leibnitz;61033;Sankt Nikolai im Sausal;74;0;0;0;0;0;0;0;0;0;0;0;0;74;202122
AT2;AT22;AT225;610;Leibnitz;61043;Tillmitsch;103;0;3;0;0;0;0;0;0;0;0;0;0;106;202122
AT2;AT22;AT225;610;Leibnitz;61045;Wagna;166;0;0;0;0;0;0;0;0;0;0;0;0;166;202122
AT2;AT22;AT225;610;Leibnitz;61049;Ehrenhausen an der Weinstraße;134;66;0;0;0;0;0;0;0;0;0;0;0;200;202122
AT2;AT22;AT225;610;Leibnitz;61050;Gamlitz;130;87;3;0;0;0;0;0;0;0;0;0;0;220;202122
AT2;AT22;AT225;610;Leibnitz;61051;Gleinstätten;99;136;0;35;0;0;0;0;0;0;0;0;0;270;202122
AT2;AT22;AT225;610;Leibnitz;61052;Heiligenkreuz am Waasen;142;238;0;0;0;0;0;0;0;0;0;0;0;380;202122
AT2;AT22;AT225;610;Leibnitz;61053;Leibnitz;547;483;7;103;884;383;0;0;179;0;1162;0;30;3778;202122
AT2;AT22;AT225;610;Leibnitz;61054;Leutschach an der Weinstraße;127;74;0;0;0;0;0;0;0;0;0;0;0;201;202122
AT2;AT22;AT225;610;Leibnitz;61055;Sankt Georgen an der Stiefing;75;67;0;0;0;0;0;0;179;0;0;0;0;321;202122
AT2;AT22;AT225;610;Leibnitz;61057;Schwarzautal;79;105;0;0;0;0;0;0;0;0;0;0;0;184;202122
AT2;AT22;AT225;610;Leibnitz;61059;Wildon;182;146;0;0;0;0;0;0;0;0;0;0;0;328;202122
AT2;AT22;AT225;610;Leibnitz;61060;Sankt Veit in der Südsteiermark;256;0;0;0;0;0;0;0;0;0;0;0;0;256;202122
AT2;AT22;AT225;610;Leibnitz;61061;Straß in Steiermark;140;209;0;0;0;0;0;0;0;0;0;0;0;349;202122
AT2;AT22;AT223;611;Leoben;61101;Eisenerz;77;130;1;25;0;78;0;0;0;0;120;0;0;431;202122
AT2;AT22;AT223;611;Leoben;61105;Kalwang;16;0;0;0;0;0;0;0;0;0;0;0;0;16;202122
AT2;AT22;AT223;611;Leoben;61106;Kammern im Liesingtal;55;0;0;0;0;0;0;0;0;0;0;0;0;55;202122
AT2;AT22;AT223;611;Leoben;61107;Kraubath an der Mur;45;0;0;0;0;0;0;0;0;0;0;0;0;45;202122
AT2;AT22;AT223;611;Leoben;61108;Leoben;692;402;29;48;728;334;54;0;196;0;810;0;390;3683;202122
AT2;AT22;AT223;611;Leoben;61109;Mautern in Steiermark;53;91;0;0;0;0;0;0;0;0;0;0;0;144;202122
AT2;AT22;AT223;611;Leoben;61110;Niklasdorf;71;0;0;0;0;0;0;0;0;0;0;0;0;71;202122
AT2;AT22;AT223;611;Leoben;61111;Proleb;65;0;0;0;0;0;0;0;0;0;0;0;0;65;202122
AT2;AT22;AT223;611;Leoben;61112;Radmer;0;0;0;0;0;0;0;0;0;0;0;0;0;0;202122
AT2;AT22;AT223;611;Leoben;61113;Sankt Michael in Obersteiermark;94;108;0;0;0;0;0;0;0;0;0;0;0;202;202122
AT2;AT22;AT223;611;Leoben;61114;Sankt Peter-Freienstein;89;0;0;0;0;0;0;0;0;0;0;0;0;89;202122
AT2;AT22;AT223;611;Leoben;61115;Sankt Stefan ob Leoben;68;0;0;0;0;0;0;0;0;0;0;0;0;68;202122
AT2;AT22;AT223;611;Leoben;61116;Traboch;49;0;0;0;0;0;0;0;0;0;0;0;0;49;202122
AT2;AT22;AT223;611;Leoben;61118;Vordernberg;0;0;0;0;0;0;0;0;0;0;0;0;0;0;202122
AT2;AT22;AT223;611;Leoben;61119;Wald am Schoberpaß;20;0;0;0;0;0;0;0;0;0;0;0;0;20;202122
AT2;AT22;AT223;611;Leoben;61120;Trofaiach;358;320;2;32;0;0;0;0;0;0;0;0;0;712;202122
AT2;AT22;AT222;612;Liezen;61203;Aigen im Ennstal;84;0;0;0;0;0;0;0;0;0;0;0;0;84;202122
AT2;AT22;AT222;612;Liezen;61204;Altaussee;46;0;0;0;0;0;0;0;0;0;0;0;0;46;202122
AT2;AT22;AT222;612;Liezen;61205;Altenmarkt bei Sankt Gallen;40;0;0;0;0;0;0;0;0;0;0;0;0;40;202122
AT2;AT22;AT222;612;Liezen;61206;Ardning;45;0;0;0;0;0;0;0;0;0;0;0;0;45;202122
AT2;AT22;AT222;612;Liezen;61207;Bad Aussee;142;237;0;20;0;115;0;0;0;0;73;0;0;587;202122
AT2;AT22;AT222;612;Liezen;61213;Gröbming;156;155;29;0;0;0;0;0;95;0;0;0;0;435;202122
AT2;AT22;AT222;612;Liezen;61215;Grundlsee;33;0;0;0;0;0;0;0;0;0;0;0;0;33;202122
AT2;AT22;AT222;612;Liezen;61217;Haus;112;109;0;0;0;0;0;0;0;0;0;0;0;221;202122
AT2;AT22;AT222;612;Liezen;61222;Lassing;61;0;0;0;0;0;0;0;0;0;0;0;0;61;202122
AT2;AT22;AT222;612;Liezen;61236;Ramsau am Dachstein;116;0;0;0;0;0;0;0;0;0;0;0;0;116;202122
AT2;AT22;AT222;612;Liezen;61243;Selzthal;57;0;0;0;0;0;0;0;0;0;0;0;0;57;202122
AT2;AT22;AT222;612;Liezen;61247;Trieben;129;111;0;0;0;0;0;0;0;0;0;0;0;240;202122
AT2;AT22;AT222;612;Liezen;61251;Wildalpen;11;0;0;0;0;0;0;0;0;0;0;0;0;11;202122
AT2;AT22;AT222;612;Liezen;61252;Wörschach;32;0;0;0;0;0;0;0;0;0;0;0;0;32;202122
AT2;AT22;AT222;612;Liezen;61253;Admont;208;97;0;0;338;149;0;0;132;0;0;0;0;924;202122
AT2;AT22;AT222;612;Liezen;61254;Aich;38;0;0;0;0;0;0;0;0;0;0;0;0;38;202122
AT2;AT22;AT222;612;Liezen;61255;Bad Mitterndorf;166;130;0;0;0;0;0;0;0;0;0;0;0;296;202122
AT2;AT22;AT222;612;Liezen;61256;Gaishorn am See;40;0;0;0;0;0;0;0;0;0;0;0;0;40;202122
AT2;AT22;AT222;612;Liezen;61257;Irdning-Donnersbachtal;156;195;2;33;0;0;0;0;0;0;407;0;0;793;202122
AT2;AT22;AT222;612;Liezen;61258;Landl;59;0;0;0;0;0;0;0;0;0;0;0;0;59;202122
AT2;AT22;AT222;612;Liezen;61259;Liezen;316;266;25;0;0;0;0;0;52;0;633;0;0;1292;202122
AT2;AT22;AT222;612;Liezen;61260;Michaelerberg-Pruggern;44;0;1;0;0;0;0;0;0;0;0;0;0;45;202122
AT2;AT22;AT222;612;Liezen;61261;Mitterberg-Sankt Martin;41;0;0;0;0;0;0;0;0;0;0;0;0;41;202122
AT2;AT22;AT222;612;Liezen;61262;Öblarn;80;0;0;0;0;0;0;0;0;0;0;0;0;80;202122
AT2;AT22;AT222;612;Liezen;61263;Rottenmann;153;150;0;58;0;0;0;0;61;236;73;0;0;731;202122
AT2;AT22;AT222;612;Liezen;61264;Sankt Gallen;61;120;0;0;0;0;0;0;0;0;0;0;0;181;202122
AT2;AT22;AT222;612;Liezen;61265;Schladming;206;349;0;33;0;0;0;0;0;0;242;0;0;830;202122
AT2;AT22;AT222;612;Liezen;61266;Sölk;44;119;0;0;0;0;0;0;0;0;0;0;0;163;202122
AT2;AT22;AT222;612;Liezen;61267;Stainach-Pürgg;88;115;0;0;419;198;17;0;0;0;0;0;0;837;202122
AT2;AT22;AT226;614;Murau;61410;Mühlen;36;0;0;0;0;0;0;0;0;0;0;0;0;36;202122
AT2;AT22;AT226;614;Murau;61413;Niederwölz;33;0;0;0;0;0;0;0;0;0;0;0;0;33;202122
AT2;AT22;AT226;614;Murau;61425;St. Peter am Kammersberg;89;95;0;0;0;0;0;0;66;0;0;0;0;250;202122
AT2;AT22;AT226;614;Murau;61428;Schöder;36;0;0;0;0;0;0;0;0;0;0;0;0;36;202122
AT2;AT22;AT226;614;Murau;61437;Krakau;39;0;0;0;0;0;0;0;0;0;0;0;0;39;202122
AT2;AT22;AT226;614;Murau;61438;Murau;115;237;0;30;0;211;0;984;13;0;91;0;104;1785;202122
AT2;AT22;AT226;614;Murau;61439;Neumarkt in der Steiermark;165;198;0;0;0;0;0;0;0;0;0;0;0;363;202122
AT2;AT22;AT226;614;Murau;61440;Oberwölz;91;148;0;0;0;0;0;0;0;0;0;0;0;239;202122
AT2;AT22;AT226;614;Murau;61441;Ranten;36;0;0;0;0;0;0;0;0;0;0;0;0;36;202122
AT2;AT22;AT226;614;Murau;61442;Sankt Georgen am Kreischberg;60;0;0;0;0;0;0;0;0;0;0;0;0;60;202122
AT2;AT22;AT226;614;Murau;61443;Sankt Lambrecht;52;52;0;0;0;0;0;0;0;0;0;0;0;104;202122
AT2;AT22;AT226;614;Murau;61444;Scheifling;99;143;0;0;0;0;0;0;0;0;0;0;0;242;202122
AT2;AT22;AT226;614;Murau;61445;Stadl-Predlitz;51;33;0;0;0;0;0;0;0;0;0;0;0;84;202122
AT2;AT22;AT226;614;Murau;61446;Teufenbach-Katsch;74;0;0;0;0;0;0;0;0;0;0;0;0;74;202122
AT2;AT22;AT225;616;Voitsberg;61611;Krottendorf-Gaisfeld;0;165;0;0;0;0;0;0;0;0;0;0;0;165;202122
AT2;AT22;AT225;616;Voitsberg;61612;Ligist;138;0;0;0;0;0;0;0;0;0;0;0;0;138;202122
AT2;AT22;AT225;616;Voitsberg;61615;Mooskirchen;97;168;0;0;0;0;0;0;0;0;0;0;0;265;202122
AT2;AT22;AT225;616;Voitsberg;61618;Rosental an der Kainach;66;0;0;0;0;0;0;0;0;0;0;0;0;66;202122
AT2;AT22;AT225;616;Voitsberg;61621;Sankt Martin am Wöllmißberg;27;0;0;0;0;0;0;0;0;0;0;0;0;27;202122
AT2;AT22;AT225;616;Voitsberg;61624;Stallhofen;138;154;0;0;0;0;0;0;0;0;0;0;0;292;202122
AT2;AT22;AT225;616;Voitsberg;61625;Voitsberg;287;263;11;0;0;0;24;867;57;0;336;0;0;1845;202122
AT2;AT22;AT225;616;Voitsberg;61626;Bärnbach;199;117;0;0;0;0;0;0;0;0;0;0;0;316;202122
AT2;AT22;AT225;616;Voitsberg;61627;Edelschrott;90;192;0;0;0;0;0;0;0;0;0;0;0;282;202122
AT2;AT22;AT225;616;Voitsberg;61628;Geistthal-Södingberg;63;0;0;0;0;0;0;0;0;0;0;0;0;63;202122
AT2;AT22;AT225;616;Voitsberg;61629;Hirschegg-Pack;24;0;0;0;0;0;0;0;0;0;0;0;0;24;202122
AT2;AT22;AT225;616;Voitsberg;61630;Kainach bei Voitsberg;53;0;0;0;0;0;0;0;0;0;0;0;0;53;202122
AT2;AT22;AT225;616;Voitsberg;61631;Köflach;220;198;0;92;630;352;0;0;51;0;0;0;0;1543;202122
AT2;AT22;AT225;616;Voitsberg;61632;Maria Lankowitz;115;0;0;0;0;0;0;0;126;0;0;0;0;241;202122
AT2;AT22;AT225;616;Voitsberg;61633;Söding-Sankt Johann;219;0;0;0;0;0;0;0;0;0;0;0;0;219;202122
AT2;AT22;AT224;617;Weiz;61701;Albersdorf-Prebuch;129;0;0;0;0;0;0;0;0;0;0;0;0;129;202122
AT2;AT22;AT224;617;Weiz;61708;Fischbach;48;0;0;0;0;0;0;0;0;0;0;0;0;48;202122
AT2;AT22;AT224;617;Weiz;61710;Floing;50;0;0;0;0;0;0;0;0;0;0;0;0;50;202122
AT2;AT22;AT224;617;Weiz;61711;Gasen;36;0;0;0;0;0;0;0;0;0;0;0;0;36;202122
AT2;AT22;AT224;617;Weiz;61716;Markt Hartmannsdorf;133;135;0;0;0;0;0;0;0;0;0;0;0;268;202122
AT2;AT22;AT224;617;Weiz;61719;Hofstätten an der Raab;136;0;0;0;0;0;0;0;0;0;0;0;0;136;202122
AT2;AT22;AT224;617;Weiz;61727;Ludersdorf-Wilfersdorf;141;0;0;0;0;0;0;0;0;0;0;0;0;141;202122
AT2;AT22;AT224;617;Weiz;61728;Miesenbach bei Birkfeld;27;0;0;0;0;0;0;0;0;0;0;0;0;27;202122
AT2;AT22;AT224;617;Weiz;61729;Mitterdorf an der Raab;90;0;0;0;0;0;0;0;0;0;0;0;0;90;202122
AT2;AT22;AT224;617;Weiz;61730;Mortantsch;111;0;0;0;0;0;0;0;0;0;0;0;0;111;202122
AT2;AT22;AT224;617;Weiz;61731;Naas;54;0;0;0;0;0;0;0;63;0;0;0;0;117;202122
AT2;AT22;AT224;617;Weiz;61740;Puch bei Weiz;84;87;0;0;0;0;0;0;0;0;0;0;0;171;202122
AT2;AT22;AT224;617;Weiz;61741;Ratten;56;109;0;0;0;0;0;0;0;0;0;0;0;165;202122
AT2;AT22;AT224;617;Weiz;61743;Rettenegg;39;0;0;0;0;0;0;0;0;0;0;0;0;39;202122
AT2;AT22;AT224;617;Weiz;61744;St. Kathrein am Hauenstein;23;0;0;0;0;0;0;0;0;0;0;0;0;23;202122
AT2;AT22;AT224;617;Weiz;61745;Sankt Kathrein am Offenegg;32;0;0;0;0;0;0;0;0;0;0;0;0;32;202122
AT2;AT22;AT224;617;Weiz;61746;St. Margarethen an der Raab;193;141;0;0;0;0;0;0;0;0;0;0;0;334;202122
AT2;AT22;AT224;617;Weiz;61748;Sinabelkirchen;166;175;0;0;0;0;0;0;0;0;0;0;0;341;202122
AT2;AT22;AT224;617;Weiz;61750;Strallegg;66;77;0;0;0;0;0;0;0;0;0;0;0;143;202122
AT2;AT22;AT224;617;Weiz;61751;Thannhausen;82;0;0;0;0;0;0;0;0;0;0;0;0;82;202122
AT2;AT22;AT224;617;Weiz;61756;Anger;150;166;0;0;0;0;0;0;0;0;0;0;0;316;202122
AT2;AT22;AT224;617;Weiz;61757;Birkfeld;180;324;0;58;0;208;0;0;0;0;0;0;0;770;202122
AT2;AT22;AT224;617;Weiz;61758;Fladnitz an der Teichalm;76;0;0;0;0;0;0;0;0;0;0;0;0;76;202122
AT2;AT22;AT224;617;Weiz;61759;Gersdorf an der Feistritz;52;0;0;0;0;0;0;0;0;0;0;0;0;52;202122
AT2;AT22;AT224;617;Weiz;61760;Gleisdorf;396;287;40;91;589;286;0;0;0;0;0;0;0;1689;202122
AT2;AT22;AT224;617;Weiz;61761;Gutenberg-Stenzengreith;69;0;0;0;0;0;0;0;0;0;0;0;0;69;202122
AT2;AT22;AT224;617;Weiz;61762;Ilztal;86;0;0;0;0;0;0;0;0;0;0;0;0;86;202122
AT2;AT22;AT224;617;Weiz;61763;Passail;194;239;0;0;0;0;0;0;0;0;0;0;0;433;202122
AT2;AT22;AT224;617;Weiz;61764;Pischelsdorf am Kulm;131;226;0;32;0;0;0;0;0;0;0;0;0;389;202122
AT2;AT22;AT224;617;Weiz;61765;Sankt Ruprecht an der Raab;263;197;0;0;0;0;0;0;0;0;0;0;0;460;202122
AT2;AT22;AT224;617;Weiz;61766;Weiz;450;693;18;66;394;184;0;0;250;0;1458;0;0;3513;202122
AT2;AT22;AT226;620;Murtal;62007;Fohnsdorf;227;120;0;0;0;0;0;0;61;0;82;0;0;490;202122
AT2;AT22;AT226;620;Murtal;62008;Gaal;47;0;0;0;0;0;0;0;0;0;0;0;0;47;202122
AT2;AT22;AT226;620;Murtal;62010;Hohentauern;0;0;0;0;0;0;0;0;0;0;0;0;0;0;202122
AT2;AT22;AT226;620;Murtal;62014;Kobenz;79;0;0;0;0;0;0;0;111;0;0;0;0;190;202122
AT2;AT22;AT226;620;Murtal;62021;Pusterwald;20;0;0;0;0;0;0;0;0;0;0;0;0;20;202122
AT2;AT22;AT226;620;Murtal;62026;Sankt Georgen ob Judenburg;36;0;0;0;0;0;0;0;0;0;0;0;0;36;202122
AT2;AT22;AT226;620;Murtal;62032;Sankt Peter ob Judenburg;41;0;0;0;0;0;0;0;0;0;0;0;0;41;202122
AT2;AT22;AT226;620;Murtal;62034;Seckau;64;208;0;0;201;115;0;0;0;0;0;0;0;588;202122
AT2;AT22;AT226;620;Murtal;62036;Unzmarkt-Frauenburg;42;0;0;0;0;0;0;0;0;0;0;0;0;42;202122
AT2;AT22;AT226;620;Murtal;62038;Zeltweg;190;121;0;0;0;0;0;0;58;0;486;0;0;855;202122
AT2;AT22;AT226;620;Murtal;62039;Lobmingtal;91;0;0;0;0;0;0;0;90;0;0;0;0;181;202122
AT2;AT22;AT226;620;Murtal;62040;Judenburg;291;126;21;32;472;215;0;0;55;0;537;0;0;1749;202122
AT2;AT22;AT226;620;Murtal;62041;Knittelfeld;368;272;24;33;343;159;38;1350;23;0;0;0;89;2699;202122
AT2;AT22;AT226;620;Murtal;62042;Obdach;129;119;0;0;0;0;0;0;0;0;0;0;0;248;202122
AT2;AT22;AT226;620;Murtal;62043;Pöls-Oberkurzheim;78;123;0;0;0;0;0;0;0;0;0;0;0;201;202122
AT2;AT22;AT226;620;Murtal;62044;Pölstal;78;90;0;0;0;0;0;0;0;0;0;0;0;168;202122
AT2;AT22;AT226;620;Murtal;62045;Sankt Marein-Feistritz;94;0;0;0;0;0;0;0;0;0;0;0;0;94;202122
AT2;AT22;AT226;620;Murtal;62046;Sankt Margarethen bei Knittelfeld;88;0;0;0;0;0;0;0;0;0;0;0;0;88;202122
AT2;AT22;AT226;620;Murtal;62047;Spielberg;207;145;0;0;0;0;0;0;0;0;0;0;0;352;202122
AT2;AT22;AT226;620;Murtal;62048;Weißkirchen in Steiermark;166;145;0;0;0;0;0;0;0;0;0;0;0;311;202122
AT2;AT22;AT223;621;Bruck-Mürzzuschlag;62105;Breitenau am Hochlantsch;46;0;0;0;0;0;0;0;0;0;0;0;0;46;202122
AT2;AT22;AT223;621;Bruck-Mürzzuschlag;62115;Krieglach;192;165;29;0;0;0;0;0;95;0;134;0;0;615;202122
AT2;AT22;AT223;621;Bruck-Mürzzuschlag;62116;Langenwang;128;144;2;0;0;0;0;0;0;0;0;0;0;274;202122
AT2;AT22;AT223;621;Bruck-Mürzzuschlag;62125;Pernegg an der Mur;87;0;0;0;0;0;0;0;0;0;0;0;0;87;202122
AT2;AT22;AT223;621;Bruck-Mürzzuschlag;62128;Sankt Lorenzen im Mürztal;149;0;0;0;0;0;0;0;43;0;0;0;0;192;202122
AT2;AT22;AT223;621;Bruck-Mürzzuschlag;62131;Spital am Semmering;40;0;0;0;0;0;0;0;0;0;0;0;0;40;202122
AT2;AT22;AT223;621;Bruck-Mürzzuschlag;62132;Stanz im Mürztal;73;0;0;0;0;0;0;0;0;0;0;0;0;73;202122
AT2;AT22;AT223;621;Bruck-Mürzzuschlag;62135;Turnau;60;0;0;0;0;0;0;0;0;0;0;0;0;60;202122
AT2;AT22;AT223;621;Bruck-Mürzzuschlag;62138;Aflenz;87;0;0;0;0;0;0;0;0;0;0;0;0;87;202122
AT2;AT22;AT223;621;Bruck-Mürzzuschlag;62139;Bruck an der Mur;476;227;55;0;338;124;0;0;58;0;775;0;0;2053;202122
AT2;AT22;AT223;621;Bruck-Mürzzuschlag;62140;Kapfenberg;775;401;61;83;542;370;0;0;264;0;883;0;55;3434;202122
AT2;AT22;AT223;621;Bruck-Mürzzuschlag;62141;Kindberg;262;212;0;0;0;165;0;0;0;0;0;0;0;639;202122
AT2;AT22;AT223;621;Bruck-Mürzzuschlag;62142;Mariazell;110;102;0;13;0;0;0;0;0;0;0;0;0;225;202122
AT2;AT22;AT223;621;Bruck-Mürzzuschlag;62143;Mürzzuschlag;229;117;0;39;361;156;0;0;0;0;195;0;0;1097;202122
AT2;AT22;AT223;621;Bruck-Mürzzuschlag;62144;Neuberg an der Mürz;72;57;0;0;0;0;0;0;0;0;0;0;0;129;202122
AT2;AT22;AT223;621;Bruck-Mürzzuschlag;62145;Sankt Barbara im Mürztal;206;153;2;0;0;0;0;864;0;0;0;0;0;1225;202122
AT2;AT22;AT223;621;Bruck-Mürzzuschlag;62146;Sankt Marein im Mürztal;118;147;0;0;0;0;0;0;0;0;0;0;0;265;202122
AT2;AT22;AT223;621;Bruck-Mürzzuschlag;62147;Thörl;62;139;0;0;0;0;0;0;0;0;0;0;0;201;202122
AT2;AT22;AT223;621;Bruck-Mürzzuschlag;62148;Tragöß-Sankt Katharein;66;79;0;0;0;0;0;0;0;0;0;0;0;145;202122
AT2;AT22;AT224;622;Hartberg-Fürstenfeld;62202;Bad Blumau;59;0;0;0;0;0;0;0;0;0;0;0;0;59;202122
AT2;AT22;AT224;622;Hartberg-Fürstenfeld;62205;Buch-St. Magdalena;90;0;0;0;0;0;0;0;0;0;0;0;0;90;202122
AT2;AT22;AT224;622;Hartberg-Fürstenfeld;62206;Burgau;33;0;0;0;0;0;0;0;0;0;0;0;0;33;202122
AT2;AT22;AT224;622;Hartberg-Fürstenfeld;62209;Ebersdorf;48;0;0;0;0;0;0;0;0;0;0;0;0;48;202122
AT2;AT22;AT224;622;Hartberg-Fürstenfeld;62211;Friedberg;112;150;0;37;0;0;0;0;0;0;0;0;0;299;202122
AT2;AT22;AT224;622;Hartberg-Fürstenfeld;62214;Greinbach;63;0;0;0;0;0;0;0;0;0;0;0;0;63;202122
AT2;AT22;AT224;622;Hartberg-Fürstenfeld;62216;Großsteinbach;51;54;0;0;0;0;0;0;0;0;0;0;0;105;202122
AT2;AT22;AT224;622;Hartberg-Fürstenfeld;62219;Hartberg;336;617;9;50;457;477;0;771;130;0;656;0;0;3503;202122
AT2;AT22;AT224;622;Hartberg-Fürstenfeld;62220;Hartberg Umgebung;69;0;0;0;0;0;0;0;0;0;0;0;0;69;202122
AT2;AT22;AT224;622;Hartberg-Fürstenfeld;62226;Lafnitz;47;0;1;0;0;0;0;0;0;0;0;0;0;48;202122
AT2;AT22;AT224;622;Hartberg-Fürstenfeld;62232;Ottendorf an der Rittschein;68;0;0;0;0;0;0;0;0;0;0;0;0;68;202122
AT2;AT22;AT224;622;Hartberg-Fürstenfeld;62233;Pinggau;148;125;1;0;0;0;0;0;0;0;0;0;0;274;202122
AT2;AT22;AT224;622;Hartberg-Fürstenfeld;62235;Pöllauberg;49;0;0;0;0;0;0;0;0;0;0;0;0;49;202122
AT2;AT22;AT224;622;Hartberg-Fürstenfeld;62242;Sankt Jakob im Walde;35;0;0;0;0;0;0;0;0;0;0;0;0;35;202122
AT2;AT22;AT224;622;Hartberg-Fürstenfeld;62244;Sankt Johann in der Haide;64;0;0;0;0;0;0;0;0;0;0;0;0;64;202122
AT2;AT22;AT224;622;Hartberg-Fürstenfeld;62245;Sankt Lorenzen am Wechsel;44;0;0;0;0;0;0;0;0;0;0;0;0;44;202122
AT2;AT22;AT224;622;Hartberg-Fürstenfeld;62247;Schäffern;59;0;0;0;0;0;0;0;0;0;0;0;0;59;202122
AT2;AT22;AT224;622;Hartberg-Fürstenfeld;62252;Söchau;59;0;0;0;0;0;0;0;0;0;0;0;0;59;202122
AT2;AT22;AT224;622;Hartberg-Fürstenfeld;62256;Stubenberg;87;61;0;0;0;0;0;0;0;0;0;0;0;148;202122
AT2;AT22;AT224;622;Hartberg-Fürstenfeld;62262;Wenigzell;57;0;0;0;0;0;0;0;0;0;0;0;0;57;202122
AT2;AT22;AT224;622;Hartberg-Fürstenfeld;62264;Bad Waltersdorf;137;197;0;0;0;0;0;0;0;0;0;0;0;334;202122
AT2;AT22;AT224;622;Hartberg-Fürstenfeld;62265;Dechantskirchen;92;0;0;0;0;0;0;0;0;0;0;0;0;92;202122
AT2;AT22;AT224;622;Hartberg-Fürstenfeld;62266;Feistritztal;101;0;0;0;0;0;0;0;0;0;0;0;0;101;202122
AT2;AT22;AT224;622;Hartberg-Fürstenfeld;62267;Fürstenfeld;281;232;14;43;453;199;0;702;0;0;154;0;0;2078;202122
AT2;AT22;AT224;622;Hartberg-Fürstenfeld;62268;Grafendorf bei Hartberg;133;138;0;0;0;0;0;0;218;0;0;0;0;489;202122
AT2;AT22;AT224;622;Hartberg-Fürstenfeld;62269;Großwilfersdorf;61;0;0;0;0;0;0;99;28;0;0;0;0;188;202122
AT2;AT22;AT224;622;Hartberg-Fürstenfeld;62270;Hartl;35;0;0;0;0;0;0;0;0;0;0;0;0;35;202122
AT2;AT22;AT224;622;Hartberg-Fürstenfeld;62271;Ilz;153;175;0;0;0;0;0;0;0;0;0;0;0;328;202122
AT2;AT22;AT224;622;Hartberg-Fürstenfeld;62272;Kaindorf;173;114;0;0;0;0;0;0;0;0;0;0;0;287;202122
AT2;AT22;AT224;622;Hartberg-Fürstenfeld;62273;Bad Loipersdorf;48;0;0;0;0;0;0;0;0;0;0;0;0;48;202122
AT2;AT22;AT224;622;Hartberg-Fürstenfeld;62274;Neudau;63;80;0;0;0;0;0;0;0;0;0;0;0;143;202122
AT2;AT22;AT224;622;Hartberg-Fürstenfeld;62275;Pöllau;213;203;0;27;0;0;0;0;0;0;0;0;0;443;202122
AT2;AT22;AT224;622;Hartberg-Fürstenfeld;62276;Rohr bei Hartberg;53;0;0;0;0;0;0;0;0;0;0;0;0;53;202122
AT2;AT22;AT224;622;Hartberg-Fürstenfeld;62277;Rohrbach an der Lafnitz;78;112;0;0;0;0;0;0;0;0;0;0;0;190;202122
AT2;AT22;AT224;622;Hartberg-Fürstenfeld;62278;Vorau;169;155;0;0;0;0;0;0;102;0;0;0;0;426;202122
AT2;AT22;AT224;622;Hartberg-Fürstenfeld;62279;Waldbach-Mönichwald;36;140;0;0;0;0;0;0;0;0;0;0;0;176;202122
AT2;AT22;AT224;623;Südoststeiermark;62311;Edelsbach bei Feldbach;85;0;0;0;0;0;0;0;0;0;0;0;0;85;202122
AT2;AT22;AT224;623;Südoststeiermark;62314;Eichkögl;61;0;0;0;0;0;0;0;0;0;0;0;0;61;202122
AT2;AT22;AT224;623;Südoststeiermark;62326;Halbenrain;44;0;0;0;0;0;0;0;61;0;0;0;0;105;202122
AT2;AT22;AT224;623;Südoststeiermark;62330;Jagerberg;64;0;0;0;0;0;0;0;0;0;0;0;0;64;202122
AT2;AT22;AT224;623;Südoststeiermark;62332;Kapfenstein;56;0;0;0;0;0;0;0;0;0;0;0;0;56;202122
AT2;AT22;AT224;623;Südoststeiermark;62335;Klöch;29;0;0;0;0;0;0;0;0;0;0;0;0;29;202122
AT2;AT22;AT224;623;Südoststeiermark;62343;Mettersdorf am Saßbach;45;0;0;0;0;0;0;0;0;0;0;0;0;45;202122
AT2;AT22;AT224;623;Südoststeiermark;62368;Tieschen;39;0;0;0;0;0;0;0;0;0;0;0;0;39;202122
AT2;AT22;AT224;623;Südoststeiermark;62372;Unterlamm;52;0;0;0;0;0;0;0;0;0;0;0;0;52;202122
AT2;AT22;AT224;623;Südoststeiermark;62375;Bad Gleichenberg;177;150;0;0;45;0;0;1080;26;0;173;0;0;1651;202122
AT2;AT22;AT224;623;Südoststeiermark;62376;Bad Radkersburg;96;144;0;0;0;245;0;830;0;0;0;0;159;1474;202122
AT2;AT22;AT224;623;Südoststeiermark;62377;Deutsch Goritz;76;63;0;0;0;0;0;0;0;0;0;0;0;139;202122
AT2;AT22;AT224;623;Südoststeiermark;62378;Fehring;246;285;0;0;0;0;0;0;278;0;0;0;0;809;202122
AT2;AT22;AT224;623;Südoststeiermark;62379;Feldbach;450;436;4;116;0;301;49;876;47;0;498;0;0;2777;202122
AT2;AT22;AT224;623;Südoststeiermark;62380;Gnas;221;240;1;0;0;0;0;0;0;0;0;0;0;462;202122
AT2;AT22;AT224;623;Südoststeiermark;62381;Kirchbach-Zerlach;123;100;0;56;0;0;0;0;0;0;0;0;0;279;202122
AT2;AT22;AT224;623;Südoststeiermark;62382;Kirchberg an der Raab;161;237;0;0;0;0;0;0;0;0;0;0;0;398;202122
AT2;AT22;AT224;623;Südoststeiermark;62383;Mureck;103;100;0;28;0;0;0;870;0;0;316;0;0;1417;202122
AT2;AT22;AT224;623;Südoststeiermark;62384;Paldau;140;115;2;0;0;0;0;0;0;0;0;0;0;257;202122
AT2;AT22;AT224;623;Südoststeiermark;62385;Pirching am Traubenberg;60;0;0;0;0;0;0;0;0;0;0;0;0;60;202122
AT2;AT22;AT224;623;Südoststeiermark;62386;Riegersburg;176;133;0;0;0;0;0;0;0;0;0;0;0;309;202122
AT2;AT22;AT224;623;Südoststeiermark;62387;Sankt Anna am Aigen;68;89;0;0;0;0;0;0;0;0;0;0;0;157;202122
AT2;AT22;AT224;623;Südoststeiermark;62388;Sankt Peter am Ottersbach;96;142;2;0;0;0;0;0;0;0;0;0;0;240;202122
AT2;AT22;AT224;623;Südoststeiermark;62389;Sankt Stefan im Rosental;149;177;0;0;0;0;0;0;0;0;0;0;0;326;202122
AT2;AT22;AT224;623;Südoststeiermark;62390;Straden;107;101;0;34;0;0;0;0;0;0;0;0;0;242;202122
